gene	baseMean	log2FoldChange	lfcSE	stat	pvalue	padj
ENSG00000160191	76936.15948600457	3.0723536351122163	0.15507710298671545	19.811781210378985	2.356001499113173e-87	5.395243432969167e-85
ENSG00000154734	22865.725334904524	3.4424289338276464	0.17924751612356904	19.20489057965253	3.3683299736622206e-82	3.856737819843242e-80
ENSG00000154723	7343.978977559264	2.5826992915264353	0.16376854376009717	15.770423502756454	4.971530306675804e-56	3.79493480076253e-54
ENSG00000180509	30231.692697682494	2.9440756232517016	0.19991822257507033	14.726399551427514	4.3634167982720796e-49	2.4980561170107654e-47
ENSG00000183145	9994.638713261402	2.891433905237155	0.24873665531521294	11.624478513522542	3.094774000568333e-31	1.4174064922602964e-29
ENSG00000276289	11795.9612931791	2.860504183070229	0.4650845508091151	6.150503554877846	7.723732732890809e-10	2.9478913263866586e-8
ENSG00000277277	724.4979104036869	0.9285948339175067	0.2639879916198513	3.517564674891365	4.355262040735206e-4	0.01424792867611946
